PER/DCOMP;Tipo de documento;Data de transmissão;Situação;Vl. Total Crédito;Vl. Crédito Dt. Transmissão;Créd. Orig. Necessário Débitos DCOMP ou Valor do PER;Retificado/Cancelado por;Detalhado em PER/DCOMP Anterior;PER/DCOMP inicial
37411.29218.251019.1.3.02-8019;Decl. Compensação;25/10/2019;Análise concluída;1.553.352,62;1.553.352,62;17.699,51;;;37411.29218.251019.1.3.02-8019
23957.95160.251119.1.3.02-4122;Decl. Compensação;25/11/2019;Análise concluída;1.553.352,62;1.535.653,11;420.203,19;;37411.29218.251019.1.3.02-8019;37411.29218.251019.1.3.02-8019
18741.04520.201219.1.3.02-0351;Decl. Compensação;20/12/2019;Análise concluída;1.553.352,62;1.115.449,92;721.005,33;;37411.29218.251019.1.3.02-8019;37411.29218.251019.1.3.02-8019
10972.74386.240120.1.3.02-1402;Decl. Compensação;24/01/2020;Análise concluída;1.553.352,62;394.444,59;394.444,59;;37411.29218.251019.1.3.02-8019;37411.29218.251019.1.3.02-8019
20536.54538.240120.1.3.03-9310;Decl. Compensação;24/01/2020;Em discussão administrativa - DRJ;304.279,57;304.279,57;67.309,85;;;20536.54538.240120.1.3.03-9310
09509.98913.200220.1.3.03-0012;Decl. Compensação;20/02/2020;Despacho Decisório Emitido;304.279,57;236.969,72;137.655,53;;20536.54538.240120.1.3.03-9310;20536.54538.240120.1.3.03-9310
08787.44338.250320.1.3.03-3369;Decl. Compensação;25/03/2020;Despacho Decisório Emitido;304.279,57;99.314,19;99.314,19;;20536.54538.240120.1.3.03-9310;20536.54538.240120.1.3.03-9310
27085.88494.240120.1.3.03-7634;Decl. Compensação;24/01/2020;Em discussão administrativa - DRJ;265.363,65;265.363,65;265.363,65;;;27085.88494.240120.1.3.03-7634
20377.11571.250320.1.3.03-7793;Decl. Compensação;25/03/2020;Análise concluída;265.795,63;265.795,63;165.052,73;;;20377.11571.250320.1.3.03-7793
21167.73862.240420.1.3.03-7456;Decl. Compensação;24/04/2020;Retificado;265.795,63;100.742,90;100.742,90;08952.52610.050620.1.7.03-3083;20377.11571.250320.1.3.03-7793;20377.11571.250320.1.3.03-7793
08952.52610.050620.1.7.03-3083;Decl. Compensação;05/06/2020;Análise concluída;265.795,63;100.742,90;100.742,90;;20377.11571.250320.1.3.03-7793;20377.11571.250320.1.3.03-7793
18840.78898.300418.1.3.03-7960;Decl. Compensação;30/04/2018;Homologado;281.773,72;281.773,72;109.954,69;;;18840.78898.300418.1.3.03-7960
19714.97823.181220.1.3.03-1640;Decl. Compensação;18/12/2020;Homologado;281.773,72;171.819,03;62.304,80;;18840.78898.300418.1.3.03-7960;18840.78898.300418.1.3.03-7960
35600.23453.221220.1.3.03-7180;Decl. Compensação;22/12/2020;Retificado;281.773,72;171.819,03;96.889,19;27911.76163.231220.1.7.03-5401;18840.78898.300418.1.3.03-7960;18840.78898.300418.1.3.03-7960
27911.76163.231220.1.7.03-5401;Decl. Compensação;23/12/2020;Homologado;281.773,72;109.514,23;96.889,19;;18840.78898.300418.1.3.03-7960;18840.78898.300418.1.3.03-7960
16542.40990.250121.1.3.03-6738;Decl. Compensação;25/01/2021;Homologado;281.773,72;12.625,04;12.625,04;;35600.23453.221220.1.3.03-7180;18840.78898.300418.1.3.03-7960
18686.59985.181220.1.3.02-7061;Decl. Compensação;18/12/2020;Retificado;808.268,76;808.268,76;414.806,67;10572.51571.251122.1.7.02-3559;;18686.59985.181220.1.3.02-7061
10572.51571.251122.1.7.02-3559;Decl. Compensação;25/11/2022;Em análise;1.003.285,99;1.003.285,99;414.806,67;;;18686.59985.181220.1.3.02-7061
41882.90461.301220.1.3.02-0111;Decl. Compensação;30/12/2020;Retificado;808.268,76;393.462,09;72.049,04;18985.48300.281122.1.7.02-1558;18686.59985.181220.1.3.02-7061;18686.59985.181220.1.3.02-7061
18985.48300.281122.1.7.02-1558;Decl. Compensação;28/11/2022;Em análise;1.003.285,99;588.479,32;72.049,04;;18686.59985.181220.1.3.02-7061;18686.59985.181220.1.3.02-7061
14064.00592.060121.1.3.02-6954;Decl. Compensação;06/01/2021;Retificado;808.268,76;321.413,05;117.916,09;40484.87367.281122.1.7.02-9748;41882.90461.301220.1.3.02-0111;18686.59985.181220.1.3.02-7061
40484.87367.281122.1.7.02-9748;Decl. Compensação;28/11/2022;Em análise;1.003.285,99;516.430,28;117.916,09;;18686.59985.181220.1.3.02-7061;18686.59985.181220.1.3.02-7061
39154.02505.160221.1.3.02-0996;Decl. Compensação;16/02/2021;Retificado;808.268,76;203.496,96;177.261,80;08058.80521.281122.1.7.02-0964;18686.59985.181220.1.3.02-7061;18686.59985.181220.1.3.02-7061
08058.80521.281122.1.7.02-0964;Decl. Compensação;28/11/2022;Em análise;1.003.285,99;398.514,19;177.261,80;;18686.59985.181220.1.3.02-7061;18686.59985.181220.1.3.02-7061
14846.74891.180221.1.3.02-7760;Decl. Compensação;18/02/2021;Retificado;808.268,76;26.235,16;4.295,95;06869.45615.281122.1.7.02-6080;18686.59985.181220.1.3.02-7061;18686.59985.181220.1.3.02-7061
06869.45615.281122.1.7.02-6080;Decl. Compensação;28/11/2022;Em análise;1.003.285,99;221.252,39;4.295,95;;18686.59985.181220.1.3.02-7061;18686.59985.181220.1.3.02-7061
39271.27115.250221.1.3.02-5803;Decl. Compensação;25/02/2021;Retificado;808.268,76;21.939,21;21.939,21;27649.61890.281122.1.7.02-7203;18686.59985.181220.1.3.02-7061;18686.59985.181220.1.3.02-7061
27649.61890.281122.1.7.02-7203;Decl. Compensação;28/11/2022;Em análise;1.003.285,99;216.956,44;21.939,21;;18686.59985.181220.1.3.02-7061;18686.59985.181220.1.3.02-7061
30019.20705.281122.1.3.02-3503;Decl. Compensação;28/11/2022;Em análise;1.003.285,99;195.017,23;193.097,40;;18686.59985.181220.1.3.02-7061;18686.59985.181220.1.3.02-7061
18738.29472.291122.1.2.02-5253;Pedido Restituição;29/11/2022;Em análise;1.003.285,99;1.919,83;1.919,83;;18686.59985.181220.1.3.02-7061;18686.59985.181220.1.3.02-7061
05057.19619.200121.1.3.02-4061;Decl. Compensação;20/01/2021;Em análise;1.254.497,75;1.254.497,75;632.036,99;;;05057.19619.200121.1.3.02-4061
39694.99741.200121.1.3.02-9278;Decl. Compensação;20/01/2021;Em análise;1.254.497,75;622.460,76;127.161,02;;05057.19619.200121.1.3.02-4061;05057.19619.200121.1.3.02-4061
24888.30282.250121.1.3.02-5519;Decl. Compensação;25/01/2021;Em análise;1.254.497,75;495.299,74;249.219,57;;05057.19619.200121.1.3.02-4061;05057.19619.200121.1.3.02-4061
13176.56352.170321.1.3.02-3100;Decl. Compensação;17/03/2021;Em análise;1.254.497,75;246.080,17;54.143,51;;05057.19619.200121.1.3.02-4061;05057.19619.200121.1.3.02-4061
12568.08958.170321.1.3.02-2060;Decl. Compensação;17/03/2021;Em análise;1.254.497,75;191.936,66;77.190,69;;05057.19619.200121.1.3.02-4061;05057.19619.200121.1.3.02-4061
03313.51650.250321.1.3.02-8248;Decl. Compensação;25/03/2021;Em análise;1.254.497,75;114.745,97;24.590,56;;05057.19619.200121.1.3.02-4061;05057.19619.200121.1.3.02-4061
22367.32637.160421.1.3.02-1690;Decl. Compensação;16/04/2021;Em análise;1.254.497,75;90.155,41;40.150,16;;05057.19619.200121.1.3.02-4061;05057.19619.200121.1.3.02-4061
02415.40923.160421.1.3.02-0489;Decl. Compensação;16/04/2021;Em análise;1.254.497,75;50.005,25;50.005,25;;05057.19619.200121.1.3.02-4061;05057.19619.200121.1.3.02-4061
08307.51972.231020.1.3.03-0623;Decl. Compensação;23/10/2020;Análise concluída;321.060,89;321.060,89;84.672,71;;;08307.51972.231020.1.3.03-0623
27111.23424.251120.1.3.03-0485;Decl. Compensação;25/11/2020;Análise concluída;321.060,89;236.388,18;161.862,90;;08307.51972.231020.1.3.03-0623;08307.51972.231020.1.3.03-0623
23725.86504.221220.1.3.03-0557;Decl. Compensação;22/12/2020;Análise concluída;321.060,89;74.525,28;52.030,53;;08307.51972.231020.1.3.03-0623;08307.51972.231020.1.3.03-0623
21807.37728.250121.1.3.03-0009;Decl. Compensação;25/01/2021;Análise concluída;321.060,89;22.494,75;22.494,75;;08307.51972.231020.1.3.03-0623;08307.51972.231020.1.3.03-0623
07546.24177.180221.1.3.04-6406;Decl. Compensação;18/02/2021;Em análise;64.523,17;64.523,17;64.523,17;;;07546.24177.180221.1.3.04-6406
15874.23711.250221.1.3.02-3274;Decl. Compensação;25/02/2021;Em análise;793.796,49;793.796,49;88.369,80;;;15874.23711.250221.1.3.02-3274
24006.92315.160421.1.3.02-0200;Decl. Compensação;16/04/2021;Em análise;793.796,49;705.426,69;21.659,74;;15874.23711.250221.1.3.02-3274;15874.23711.250221.1.3.02-3274
12680.23344.230421.1.3.02-4241;Decl. Compensação;23/04/2021;Em análise;793.796,49;683.766,95;147.154,17;;15874.23711.250221.1.3.02-3274;15874.23711.250221.1.3.02-3274
29373.90965.280421.1.3.02-8974;Decl. Compensação;28/04/2021;Retificado;793.796,49;536.612,78;60.295,71;10687.62873.120521.1.7.02-1114;15874.23711.250221.1.3.02-3274;15874.23711.250221.1.3.02-3274
10687.62873.120521.1.7.02-1114;Decl. Compensação;12/05/2021;Em análise;793.796,45;536.612,78;60.295,71;;15874.23711.250221.1.3.02-3274;15874.23711.250221.1.3.02-3274
16378.38440.170521.1.3.02-3128;Decl. Compensação;17/05/2021;Em análise;793.796,49;476.317,07;34.316,26;;15874.23711.250221.1.3.02-3274;15874.23711.250221.1.3.02-3274
05025.79393.170521.1.3.02-6872;Decl. Compensação;17/05/2021;Em análise;793.796,49;442.000,81;72.693,91;;15874.23711.250221.1.3.02-3274;15874.23711.250221.1.3.02-3274
02835.55577.250521.1.3.02-9057;Decl. Compensação;25/05/2021;Em análise;793.796,49;369.306,90;78.029,06;;15874.23711.250221.1.3.02-3274;15874.23711.250221.1.3.02-3274
29448.68729.160621.1.3.02-0801;Decl. Compensação;16/06/2021;Em análise;793.796,49;291.277,84;71.489,68;;15874.23711.250221.1.3.02-3274;15874.23711.250221.1.3.02-3274
05234.67621.160621.1.3.02-5081;Decl. Compensação;16/06/2021;Em análise;793.796,49;219.788,16;47.744,86;;15874.23711.250221.1.3.02-3274;15874.23711.250221.1.3.02-3274
40898.78048.250621.1.3.02-9195;Decl. Compensação;25/06/2021;Em análise;793.796,49;172.043,30;172.043,30;;15874.23711.250221.1.3.02-3274;15874.23711.250221.1.3.02-3274
09149.26758.250621.1.3.03-9508;Decl. Compensação;25/06/2021;Em análise;139.220,06;139.220,06;105.682,70;;;09149.26758.250621.1.3.03-9508
23492.94236.160721.1.3.03-6666;Decl. Compensação;16/07/2021;Em análise;139.220,06;33.537,36;16.885,00;;09149.26758.250621.1.3.03-9508;09149.26758.250621.1.3.03-9508
16657.92989.230721.1.3.03-9122;Decl. Compensação;23/07/2021;Em análise;139.220,06;16.652,36;16.652,36;;09149.26758.250621.1.3.03-9508;09149.26758.250621.1.3.03-9508
14345.56753.150721.1.2.03-7905;Pedido Restituição;15/07/2021;Cancelado;112.824,25;112.824,25;112.824,25;11516.03612.160721.1.8.03-9701;;14345.56753.150721.1.2.03-7905
11516.03612.160721.1.8.03-9701;Pedido Cancelamento;16/07/2021;Pedido de cancelamento deferido;0,00;0,00;0,00;;;14345.56753.150721.1.2.03-7905
27163.73096.160721.1.2.03-5543;Pedido Restituição;16/07/2021;Retificado;112.824,25;112.824,25;112.824,25;41622.88590.230323.1.6.03-0453;;27163.73096.160721.1.2.03-5543
41622.88590.230323.1.6.03-0453;Pedido Restituição;23/03/2023;Análise concluída;112.835,00;112.835,00;112.835,00;;;27163.73096.160721.1.2.03-5543
41543.32262.160721.1.3.03-7382;Decl. Compensação;16/07/2021;Retificado;112.824,25;112.824,25;72.698,19;18744.68757.240323.1.7.03-1008;27163.73096.160721.1.2.03-5543;27163.73096.160721.1.2.03-5543
18744.68757.240323.1.7.03-1008;Decl. Compensação;24/03/2023;Análise concluída;112.835,00;112.835,00;72.698,19;;27163.73096.160721.1.2.03-5543;27163.73096.160721.1.2.03-5543
22472.50600.230721.1.3.03-7068;Decl. Compensação;23/07/2021;Retificado;112.824,25;40.126,06;40.126,06;34810.01984.240323.1.7.03-7018;27163.73096.160721.1.2.03-5543;27163.73096.160721.1.2.03-5543
34810.01984.240323.1.7.03-7018;Decl. Compensação;24/03/2023;Análise concluída;112.835,00;40.136,81;40.126,06;;27163.73096.160721.1.2.03-5543;27163.73096.160721.1.2.03-5543
16144.11378.230721.1.3.03-0795;Decl. Compensação;23/07/2021;Em análise;258.861,50;258.861,50;155.806,22;;;16144.11378.230721.1.3.03-0795
07133.82524.300721.1.3.03-6230;Decl. Compensação;30/07/2021;Em análise;258.861,50;103.055,28;16.584,67;;16144.11378.230721.1.3.03-0795;16144.11378.230721.1.3.03-0795
11699.62921.180821.1.3.03-3182;Decl. Compensação;18/08/2021;Em análise;258.861,50;86.470,61;43.912,95;;16144.11378.230721.1.3.03-0795;16144.11378.230721.1.3.03-0795
23500.63781.190821.1.3.03-4303;Decl. Compensação;19/08/2021;Em análise;258.861,50;42.557,66;42.557,66;;16144.11378.230721.1.3.03-0795;16144.11378.230721.1.3.03-0795
09523.15174.180821.1.2.02-2300;Pedido Restituição;18/08/2021;Análise concluída;903.570,75;903.570,75;903.570,75;;;09523.15174.180821.1.2.02-2300
12189.77589.190821.1.3.02-5349;Decl. Compensação;19/08/2021;Análise concluída;903.570,75;903.570,75;31.431,73;;09523.15174.180821.1.2.02-2300;09523.15174.180821.1.2.02-2300
12262.99688.250821.1.3.02-4530;Decl. Compensação;25/08/2021;Análise concluída;903.570,75;872.139,02;188.148,26;;09523.15174.180821.1.2.02-2300;09523.15174.180821.1.2.02-2300
06689.96942.160921.1.3.02-2083;Decl. Compensação;16/09/2021;Análise concluída;903.570,75;683.990,76;75.834,96;;09523.15174.180821.1.2.02-2300;09523.15174.180821.1.2.02-2300
20983.51939.160921.1.3.02-6811;Decl. Compensação;16/09/2021;Análise concluída;903.570,75;608.155,80;57.607,01;;09523.15174.180821.1.2.02-2300;09523.15174.180821.1.2.02-2300
24315.10028.160921.1.3.02-0009;Decl. Compensação;16/09/2021;Análise concluída;903.570,75;550.548,79;229.926,30;;09523.15174.180821.1.2.02-2300;09523.15174.180821.1.2.02-2300
06491.89386.181021.1.3.02-8501;Decl. Compensação;18/10/2021;Análise concluída;903.570,75;320.622,49;71.121,70;;09523.15174.180821.1.2.02-2300;09523.15174.180821.1.2.02-2300
02825.55985.181021.1.3.02-2469;Decl. Compensação;18/10/2021;Análise concluída;903.570,75;249.500,79;32.017,08;;09523.15174.180821.1.2.02-2300;09523.15174.180821.1.2.02-2300
18181.84413.191021.1.3.02-7880;Decl. Compensação;19/10/2021;Análise concluída;903.570,75;217.483,71;193.232,06;;09523.15174.180821.1.2.02-2300;09523.15174.180821.1.2.02-2300
06638.17174.111121.1.3.02-1654;Decl. Compensação;11/11/2021;Análise concluída;903.570,75;24.251,65;24.251,65;;09523.15174.180821.1.2.02-2300;09523.15174.180821.1.2.02-2300
07454.40145.161121.1.2.02-9209;Pedido Restituição;16/11/2021;Retificado;666.084,70;666.084,70;666.084,70;05676.49778.171121.1.6.02-2041;;07454.40145.161121.1.2.02-9209
05676.49778.171121.1.6.02-2041;Pedido Restituição;17/11/2021;Cancelado;666.414,52;666.414,52;666.414,52;09005.60144.171121.1.8.02-9884;;07454.40145.161121.1.2.02-9209
09005.60144.171121.1.8.02-9884;Pedido Cancelamento;17/11/2021;Pedido de cancelamento deferido;0,00;0,00;0,00;;;07454.40145.161121.1.2.02-9209
18180.59862.161121.1.3.02-0614;Decl. Compensação;16/11/2021;Cancelado;666.084,70;666.084,70;205.553,85;03766.80076.171121.1.8.02-3174;07454.40145.161121.1.2.02-9209;07454.40145.161121.1.2.02-9209
03766.80076.171121.1.8.02-3174;Pedido Cancelamento;17/11/2021;Pedido de cancelamento deferido;0,00;0,00;0,00;;07454.40145.161121.1.2.02-9209;07454.40145.161121.1.2.02-9209
25011.11907.171121.1.2.02-8069;Pedido Restituição;17/11/2021;Retificado;666.414,52;666.414,52;666.414,52;41325.95712.070222.1.6.02-4535;;07454.40145.161121.1.2.02-9209
41325.95712.070222.1.6.02-4535;Pedido Restituição;07/02/2022;Retificado;669.793,96;669.793,96;669.793,96;07812.75236.141122.1.6.02-6859;;07454.40145.161121.1.2.02-9209
07812.75236.141122.1.6.02-6859;Pedido Restituição;14/11/2022;Análise concluída;783.043,21;783.043,21;783.043,21;;;07454.40145.161121.1.2.02-9209
26263.82581.171121.1.3.02-1798;Decl. Compensação;17/11/2021;Retificado;666.414,52;666.414,52;205.553,85;32114.43342.251121.1.7.02-8880;25011.11907.171121.1.2.02-8069;07454.40145.161121.1.2.02-9209
32114.43342.251121.1.7.02-8880;Decl. Compensação;25/11/2021;Retificado;666.414,52;324.487,72;205.597,88;25601.38229.141221.1.7.02-0028;25011.11907.171121.1.2.02-8069;07454.40145.161121.1.2.02-9209
25601.38229.141221.1.7.02-0028;Decl. Compensação;14/12/2021;Retificado;666.414,52;324.487,72;205.597,87;36909.77418.151221.1.7.02-0855;25011.11907.171121.1.2.02-8069;07454.40145.161121.1.2.02-9209
36909.77418.151221.1.7.02-0855;Decl. Compensação;15/12/2021;Retificado;666.414,52;530.041,57;205.597,87;24613.70974.231221.1.7.02-6129;25011.11907.171121.1.2.02-8069;07454.40145.161121.1.2.02-9209
24613.70974.231221.1.7.02-6129;Decl. Compensação;23/12/2021;Retificado;666.414,52;530.041,57;205.597,85;33399.55809.101222.1.7.02-5000;25011.11907.171121.1.2.02-8069;07454.40145.161121.1.2.02-9209
33399.55809.101222.1.7.02-5000;Decl. Compensação;10/12/2022;Retificado;783.043,21;646.670,26;205.597,87;10390.63404.050123.1.7.02-0796;25011.11907.171121.1.2.02-8069;07454.40145.161121.1.2.02-9209
10390.63404.050123.1.7.02-0796;Decl. Compensação;05/01/2023;Análise concluída;783.043,21;646.670,26;205.597,85;;25011.11907.171121.1.2.02-8069;07454.40145.161121.1.2.02-9209
03693.50426.181121.1.3.02-4857;Decl. Compensação;18/11/2021;Retificado;666.414,52;460.860,67;77.648,76;21615.90196.071221.1.7.02-8218;25011.11907.171121.1.2.02-8069;07454.40145.161121.1.2.02-9209
21615.90196.071221.1.7.02-8218;Decl. Compensação;07/12/2021;Retificado;666.414,52;666.414,52;77.648,76;23327.07648.101222.1.7.02-8905;25011.11907.171121.1.2.02-8069;07454.40145.161121.1.2.02-9209
23327.07648.101222.1.7.02-8905;Decl. Compensação;10/12/2022;Análise concluída;783.043,21;783.043,21;77.648,76;;25011.11907.171121.1.2.02-8069;07454.40145.161121.1.2.02-9209
00702.01539.181121.1.3.02-4593;Decl. Compensação;18/11/2021;Retificado;666.414,52;383.211,91;58.724,19;41205.14607.071221.1.7.02-2834;25011.11907.171121.1.2.02-8069;07454.40145.161121.1.2.02-9209
41205.14607.071221.1.7.02-2834;Decl. Compensação;07/12/2021;Retificado;666.414,52;588.765,76;58.724,19;00767.52336.101222.1.7.02-0720;25011.11907.171121.1.2.02-8069;07454.40145.161121.1.2.02-9209
00767.52336.101222.1.7.02-0720;Decl. Compensação;10/12/2022;Análise concluída;783.043,21;705.394,45;58.724,19;;25011.11907.171121.1.2.02-8069;07454.40145.161121.1.2.02-9209
08911.55289.140122.1.3.02-4028;Decl. Compensação;14/01/2022;Retificado;666.414,52;324.443,69;184.556,91;30021.54914.101222.1.7.02-4289;25011.11907.171121.1.2.02-8069;07454.40145.161121.1.2.02-9209
30021.54914.101222.1.7.02-4289;Decl. Compensação;10/12/2022;Análise concluída;783.043,21;441.072,39;184.556,91;;25011.11907.171121.1.2.02-8069;07454.40145.161121.1.2.02-9209
41829.99593.140122.1.3.02-3442;Decl. Compensação;14/01/2022;Retificado;666.414,52;139.886,78;139.886,78;09251.26627.101222.1.7.02-8333;25011.11907.171121.1.2.02-8069;07454.40145.161121.1.2.02-9209
09251.26627.101222.1.7.02-8333;Decl. Compensação;10/12/2022;Análise concluída;783.043,21;256.515,48;139.886,78;;25011.11907.171121.1.2.02-8069;07454.40145.161121.1.2.02-9209
42269.29128.201222.1.3.02-4274;Decl. Compensação;20/12/2022;Análise concluída;783.043,21;116.628,70;56.748,00;;25011.11907.171121.1.2.02-8069;07454.40145.161121.1.2.02-9209
30695.45519.221222.1.3.02-5947;Decl. Compensação;22/12/2022;Análise concluída;783.043,21;59.880,70;22.356,32;;25011.11907.171121.1.2.02-8069;07454.40145.161121.1.2.02-9209
41109.72352.200624.1.3.02-8185;Decl. Compensação;20/06/2024;Análise concluída;783.043,21;37.524,38;37.524,38;;25011.11907.171121.1.2.02-8069;07454.40145.161121.1.2.02-9209
24081.78204.141221.1.2.02-5534;Pedido Restituição;14/12/2021;Retificado;471.919,07;471.919,07;471.919,07;13666.04556.111122.1.6.02-1730;;24081.78204.141221.1.2.02-5534
13666.04556.111122.1.6.02-1730;Pedido Restituição;11/11/2022;Despacho Decisório Emitido;419.598,52;419.598,52;419.598,52;;;24081.78204.141221.1.2.02-5534
22990.94978.141221.1.3.02-0367;Decl. Compensação;14/12/2021;Despacho Decisório Emitido;471.919,07;471.919,07;156.924,64;;24081.78204.141221.1.2.02-5534;24081.78204.141221.1.2.02-5534
00151.89880.140122.1.3.02-5961;Decl. Compensação;14/01/2022;Despacho Decisório Emitido;471.919,07;314.994,43;262.673,89;;24081.78204.141221.1.2.02-5534;24081.78204.141221.1.2.02-5534
36776.45710.170622.1.3.02-3934;Decl. Compensação;17/06/2022;Despacho Decisório Emitido;471.919,07;52.320,54;52.320,54;;24081.78204.141221.1.2.02-5534;24081.78204.141221.1.2.02-5534
12616.83939.151221.1.2.03-6732;Pedido Restituição;15/12/2021;Análise concluída;49.317,79;49.317,79;49.317,79;;;12616.83939.151221.1.2.03-6732
40980.60149.140122.1.3.03-5620;Decl. Compensação;14/01/2022;Análise concluída;49.317,79;49.317,79;45.681,38;;12616.83939.151221.1.2.03-6732;12616.83939.151221.1.2.03-6732
35755.11711.170222.1.3.03-9210;Decl. Compensação;17/02/2022;Análise concluída;49.317,79;3.636,41;3.636,41;;12616.83939.151221.1.2.03-6732;12616.83939.151221.1.2.03-6732
04557.27499.210222.1.3.03-4868;Decl. Compensação;21/02/2022;Análise concluída;49.317,79;3.636,41;9,20;;12616.83939.151221.1.2.03-6732;12616.83939.151221.1.2.03-6732
15042.05640.151221.1.2.02-2631;Pedido Restituição;15/12/2021;Retificado;332.301,79;332.301,79;332.301,79;31524.39465.111122.1.6.02-3899;;15042.05640.151221.1.2.02-2631
31524.39465.111122.1.6.02-3899;Pedido Restituição;11/11/2022;Análise concluída;363.968,44;363.968,44;363.968,44;;;15042.05640.151221.1.2.02-2631
33370.45151.161221.1.3.02-9700;Decl. Compensação;16/12/2021;Análise concluída;332.301,79;332.301,79;73.387,14;;15042.05640.151221.1.2.02-2631;15042.05640.151221.1.2.02-2631
12277.56278.161221.1.3.02-8788;Decl. Compensação;16/12/2021;Análise concluída;332.301,79;258.914,65;71.181,67;;15042.05640.151221.1.2.02-2631;15042.05640.151221.1.2.02-2631
28492.50704.201221.1.3.02-0400;Decl. Compensação;20/12/2021;Análise concluída;332.301,79;187.732,98;10.256,04;;15042.05640.151221.1.2.02-2631;15042.05640.151221.1.2.02-2631
18867.51117.090222.1.3.02-0904;Decl. Compensação;09/02/2022;Retificado;332.301,79;177.476,94;92.054,38;34011.63898.160222.1.7.02-8631;15042.05640.151221.1.2.02-2631;15042.05640.151221.1.2.02-2631
34011.63898.160222.1.7.02-8631;Decl. Compensação;16/02/2022;Retificado;332.301,79;177.476,94;92.054,38;34933.19171.251124.1.7.02-0083;15042.05640.151221.1.2.02-2631;15042.05640.151221.1.2.02-2631
34933.19171.251124.1.7.02-0083;Decl. Compensação;25/11/2024;Análise concluída;363.968,44;177.476,94;76.212,72;;15042.05640.151221.1.2.02-2631;15042.05640.151221.1.2.02-2631
07371.57051.170222.1.3.02-2077;Decl. Compensação;17/02/2022;Cancelado;332.301,79;85.422,56;24.904,05;18869.10962.220222.1.8.02-0461;15042.05640.151221.1.2.02-2631;15042.05640.151221.1.2.02-2631
18869.10962.220222.1.8.02-0461;Pedido Cancelamento;22/02/2022;Pedido de cancelamento deferido;0,00;0,00;0,00;;15042.05640.151221.1.2.02-2631;15042.05640.151221.1.2.02-2631
42040.26874.180222.1.3.02-4544;Decl. Compensação;18/02/2022;Retificado;332.301,79;85.422,56;25.012,19;06726.29380.160322.1.7.02-6951;15042.05640.151221.1.2.02-2631;15042.05640.151221.1.2.02-2631
06726.29380.160322.1.7.02-6951;Decl. Compensação;16/03/2022;Análise concluída;332.301,79;85.422,56;25.004,89;;15042.05640.151221.1.2.02-2631;15042.05640.151221.1.2.02-2631
14280.87089.180222.1.3.02-3147;Decl. Compensação;18/02/2022;Retificado;332.301,79;60.410,37;426,41;32259.38338.160322.1.7.02-3279;15042.05640.151221.1.2.02-2631;15042.05640.151221.1.2.02-2631
32259.38338.160322.1.7.02-3279;Decl. Compensação;16/03/2022;Análise concluída;332.301,79;60.417,67;426,41;;15042.05640.151221.1.2.02-2631;15042.05640.151221.1.2.02-2631
01098.21098.170322.1.3.02-9074;Decl. Compensação;17/03/2022;Análise concluída;332.301,79;59.991,26;59.991,26;;15042.05640.151221.1.2.02-2631;15042.05640.151221.1.2.02-2631
28057.80060.200624.1.3.02-0096;Decl. Compensação;20/06/2024;Análise concluída;363.968,44;31.666,66;31.666,66;;15042.05640.151221.1.2.02-2631;15042.05640.151221.1.2.02-2631
22792.79849.250917.1.3.02-1968;Decl. Compensação;25/09/2017;Análise concluída;892.658,83;892.658,83;19.237,52;;;22792.79849.250917.1.3.02-1968
34450.31425.251017.1.3.02-7703;Decl. Compensação;25/10/2017;Análise concluída;892.658,83;873.421,31;349.585,48;;22792.79849.250917.1.3.02-1968;22792.79849.250917.1.3.02-1968
42002.65983.231117.1.3.02-9902;Decl. Compensação;23/11/2017;Análise concluída;892.658,83;523.835,83;388.459,05;;22792.79849.250917.1.3.02-1968;22792.79849.250917.1.3.02-1968
28754.71976.201217.1.3.02-7650;Decl. Compensação;20/12/2017;Análise concluída;892.658,83;135.376,78;135.376,78;;22792.79849.250917.1.3.02-1968;22792.79849.250917.1.3.02-1968
39519.30689.261221.1.2.02-5628;Pedido Restituição;26/12/2021;Retificado;1.150.111,45;257.452,61;257.452,61;06597.31052.301221.1.6.02-1390;;22792.79849.250917.1.3.02-1968
06597.31052.301221.1.6.02-1390;Pedido Restituição;30/12/2021;Análise concluída;892.658,83;257.452,61;257.452,61;;22792.79849.250917.1.3.02-1968;22792.79849.250917.1.3.02-1968
19528.86147.281221.1.2.02-8557;Pedido Restituição;28/12/2021;Análise concluída;479.381,09;479.381,09;479.381,09;;;19528.86147.281221.1.2.02-8557
42101.74491.281221.1.3.02-5597;Decl. Compensação;28/12/2021;Análise concluída;479.381,09;479.381,09;293.921,26;;19528.86147.281221.1.2.02-8557;19528.86147.281221.1.2.02-8557
08085.49632.130122.1.3.02-0104;Decl. Compensação;13/01/2022;Análise concluída;479.381,09;185.459,83;135.778,21;;19528.86147.281221.1.2.02-8557;19528.86147.281221.1.2.02-8557
19188.58875.140122.1.3.02-4100;Decl. Compensação;14/01/2022;Análise concluída;479.381,09;49.681,62;49.681,62;;19528.86147.281221.1.2.02-8557;19528.86147.281221.1.2.02-8557
26944.22423.140222.1.2.03-1225;Pedido Restituição;14/02/2022;Retificado;23.702,91;23.702,91;23.702,91;02674.96558.180222.1.6.03-0866;;26944.22423.140222.1.2.03-1225
02674.96558.180222.1.6.03-0866;Pedido Restituição;18/02/2022;Retificado;23.590,50;23.590,50;23.590,50;39211.31147.141122.1.6.03-9033;;26944.22423.140222.1.2.03-1225
39211.31147.141122.1.6.03-9033;Pedido Restituição;14/11/2022;Análise concluída;39.488,11;39.488,11;39.488,11;;;26944.22423.140222.1.2.03-1225
21054.17583.170222.1.3.03-0960;Decl. Compensação;17/02/2022;Retificado;23.702,91;23.701,91;23.701,91;23097.80276.180222.1.7.03-0183;26944.22423.140222.1.2.03-1225;26944.22423.140222.1.2.03-1225
23097.80276.180222.1.7.03-0183;Decl. Compensação;18/02/2022;Retificado;23.702,91;23.590,50;23.590,50;08000.91104.220222.1.7.03-2010;26944.22423.140222.1.2.03-1225;26944.22423.140222.1.2.03-1225
08000.91104.220222.1.7.03-2010;Decl. Compensação;22/02/2022;Retificado;23.590,50;23.590,50;23.590,50;10405.61903.160322.1.7.03-9763;26944.22423.140222.1.2.03-1225;26944.22423.140222.1.2.03-1225
10405.61903.160322.1.7.03-9763;Decl. Compensação;16/03/2022;Retificado;23.590,50;23.590,50;23.586,21;35950.62707.101222.1.7.03-4432;26944.22423.140222.1.2.03-1225;26944.22423.140222.1.2.03-1225
35950.62707.101222.1.7.03-4432;Decl. Compensação;10/12/2022;Análise concluída;39.488,11;39.488,11;23.586,21;;26944.22423.140222.1.2.03-1225;26944.22423.140222.1.2.03-1225
07637.45988.150222.1.2.02-0300;Pedido Restituição;15/02/2022;Retificado;553.516,17;553.516,17;553.516,17;25794.61716.180222.1.6.02-2817;;07637.45988.150222.1.2.02-0300
25794.61716.180222.1.6.02-2817;Pedido Restituição;18/02/2022;Retificado;553.403,76;553.403,76;553.403,76;09255.05047.141122.1.6.02-4042;;07637.45988.150222.1.2.02-0300
09255.05047.141122.1.6.02-4042;Pedido Restituição;14/11/2022;Análise concluída;606.849,45;606.849,45;606.849,45;;;07637.45988.150222.1.2.02-0300
36402.84865.160222.1.3.02-0032;Decl. Compensação;16/02/2022;Retificado;553.516,17;553.516,17;297.243,06;26185.96543.190422.1.7.02-6003;07637.45988.150222.1.2.02-0300;07637.45988.150222.1.2.02-0300
26185.96543.190422.1.7.02-6003;Decl. Compensação;19/04/2022;Retificado;553.403,76;553.403,76;297.243,06;08269.57074.101222.1.7.02-4049;07637.45988.150222.1.2.02-0300;07637.45988.150222.1.2.02-0300
08269.57074.101222.1.7.02-4049;Decl. Compensação;10/12/2022;Análise concluída;606.849,45;606.849,45;297.243,06;;07637.45988.150222.1.2.02-0300;07637.45988.150222.1.2.02-0300
23759.07575.200422.1.3.02-1790;Decl. Compensação;20/04/2022;Retificado;553.403,76;256.160,70;91.674,46;31932.96603.101222.1.7.02-0933;07637.45988.150222.1.2.02-0300;07637.45988.150222.1.2.02-0300
31932.96603.101222.1.7.02-0933;Decl. Compensação;10/12/2022;Análise concluída;606.849,45;309.606,39;91.674,46;;07637.45988.150222.1.2.02-0300;07637.45988.150222.1.2.02-0300
21942.04799.200422.1.3.02-4111;Decl. Compensação;20/04/2022;Retificado;553.403,76;164.486,24;164.486,24;22586.78086.101222.1.7.02-8445;07637.45988.150222.1.2.02-0300;07637.45988.150222.1.2.02-0300
22586.78086.101222.1.7.02-8445;Decl. Compensação;10/12/2022;Análise concluída;606.849,45;217.931,93;164.486,24;;07637.45988.150222.1.2.02-0300;07637.45988.150222.1.2.02-0300
13354.46944.200624.1.3.02-7952;Decl. Compensação;20/06/2024;Análise concluída;606.849,45;53.445,69;53.445,69;;07637.45988.150222.1.2.02-0300;07637.45988.150222.1.2.02-0300
05689.11923.070422.1.2.03-4217;Pedido Restituição;07/04/2022;Análise concluída;72.641,66;72.641,66;72.641,66;;;05689.11923.070422.1.2.03-4217
08436.50835.220422.1.3.03-0343;Decl. Compensação;22/04/2022;Análise concluída;72.641,66;72.641,66;72.641,66;;05689.11923.070422.1.2.03-4217;05689.11923.070422.1.2.03-4217
35323.17592.200422.1.2.02-2636;Pedido Restituição;20/04/2022;Retificado;618.098,83;618.098,83;618.098,83;37221.71580.220422.1.6.02-0480;;35323.17592.200422.1.2.02-2636
37221.71580.220422.1.6.02-0480;Pedido Restituição;22/04/2022;Análise concluída;618.448,45;618.448,45;618.448,45;;;35323.17592.200422.1.2.02-2636
11632.96689.200422.1.3.02-7345;Decl. Compensação;20/04/2022;Retificado;618.098,83;618.098,83;194.642,97;12946.55329.180522.1.7.02-1509;35323.17592.200422.1.2.02-2636;35323.17592.200422.1.2.02-2636
12946.55329.180522.1.7.02-1509;Decl. Compensação;18/05/2022;Análise concluída;618.448,45;618.448,45;194.642,97;;35323.17592.200422.1.2.02-2636;35323.17592.200422.1.2.02-2636
16813.88612.220422.1.3.02-8307;Decl. Compensação;22/04/2022;Análise concluída;618.098,83;423.455,86;93.098,05;;35323.17592.200422.1.2.02-2636;35323.17592.200422.1.2.02-2636
27696.72294.190522.1.3.02-4375;Decl. Compensação;19/05/2022;Análise concluída;618.448,45;330.357,81;222.733,19;;35323.17592.200422.1.2.02-2636;35323.17592.200422.1.2.02-2636
32861.54363.170622.1.3.02-6894;Decl. Compensação;17/06/2022;Retificado;618.448,45;107.624,62;107.624,62;42836.16826.060824.1.7.02-3639;35323.17592.200422.1.2.02-2636;35323.17592.200422.1.2.02-2636
42836.16826.060824.1.7.02-3639;Decl. Compensação;06/08/2024;Análise concluída;618.448,45;107.974,24;107.624,62;;35323.17592.200422.1.2.02-2636;35323.17592.200422.1.2.02-2636
29860.94413.200422.1.2.03-0982;Pedido Restituição;20/04/2022;Retificado;50.550,56;50.550,56;50.550,56;17361.11445.220422.1.6.03-7881;;29860.94413.200422.1.2.03-0982
17361.11445.220422.1.6.03-7881;Pedido Restituição;22/04/2022;Análise concluída;50.900,18;50.900,18;50.900,18;;;29860.94413.200422.1.2.03-0982
32306.90874.170622.1.3.03-2418;Decl. Compensação;17/06/2022;Análise concluída;50.900,18;50.900,18;50.900,18;;29860.94413.200422.1.2.03-0982;29860.94413.200422.1.2.03-0982
20798.27530.190722.1.2.03-3163;Pedido Restituição;19/07/2022;Análise concluída;137.117,43;137.117,43;137.117,43;;;20798.27530.190722.1.2.03-3163
14629.65642.111022.1.3.03-9795;Decl. Compensação;11/10/2022;Análise concluída;137.117,43;137.117,43;24.090,59;;20798.27530.190722.1.2.03-3163;20798.27530.190722.1.2.03-3163
33234.37291.171122.1.3.03-2183;Decl. Compensação;17/11/2022;Análise concluída;137.117,43;113.026,84;98.844,78;;20798.27530.190722.1.2.03-3163;20798.27530.190722.1.2.03-3163
19484.81845.171122.1.3.03-9694;Decl. Compensação;17/11/2022;Análise concluída;137.117,43;14.182,06;1.946,03;;20798.27530.190722.1.2.03-3163;20798.27530.190722.1.2.03-3163
20539.00835.190722.1.2.02-0696;Pedido Restituição;19/07/2022;Retificado;761.675,36;761.675,36;761.675,36;30379.42977.100223.1.6.02-5347;;20539.00835.190722.1.2.02-0696
30379.42977.100223.1.6.02-5347;Pedido Restituição;10/02/2023;Retificado;767.234,42;767.234,42;767.234,42;30866.04844.100523.1.6.02-0198;;20539.00835.190722.1.2.02-0696
30866.04844.100523.1.6.02-0198;Pedido Restituição;10/05/2023;Análise concluída;765.070,91;765.070,91;765.070,91;;;20539.00835.190722.1.2.02-0696
14854.06529.200722.1.3.02-7401;Decl. Compensação;20/07/2022;Retificado;761.675,36;761.675,36;216.279,44;40924.00783.090523.1.7.02-4057;20539.00835.190722.1.2.02-0696;20539.00835.190722.1.2.02-0696
40924.00783.090523.1.7.02-4057;Decl. Compensação;09/05/2023;Análise concluída;767.234,42;767.234,42;216.279,44;;20539.00835.190722.1.2.02-0696;20539.00835.190722.1.2.02-0696
02247.83804.200722.1.3.02-4986;Decl. Compensação;20/07/2022;Retificado;761.675,36;545.395,92;41.237,70;11232.36685.090523.1.7.02-0216;20539.00835.190722.1.2.02-0696;20539.00835.190722.1.2.02-0696
11232.36685.090523.1.7.02-0216;Decl. Compensação;09/05/2023;Análise concluída;767.234,42;550.954,98;41.237,70;;20539.00835.190722.1.2.02-0696;20539.00835.190722.1.2.02-0696
30636.10809.200722.1.3.02-3076;Decl. Compensação;20/07/2022;Retificado;761.675,36;504.158,22;149.184,06;06154.60970.090523.1.7.02-6054;20539.00835.190722.1.2.02-0696;20539.00835.190722.1.2.02-0696
06154.60970.090523.1.7.02-6054;Decl. Compensação;09/05/2023;Análise concluída;767.234,42;509.717,28;149.184,06;;20539.00835.190722.1.2.02-0696;20539.00835.190722.1.2.02-0696
08180.75643.240822.1.3.02-1029;Decl. Compensação;24/08/2022;Retificado;761.675,36;354.974,16;340.833,04;39912.55343.090523.1.7.02-6271;20539.00835.190722.1.2.02-0696;20539.00835.190722.1.2.02-0696
39912.55343.090523.1.7.02-6271;Decl. Compensação;09/05/2023;Análise concluída;767.234,42;360.533,22;340.833,04;;20539.00835.190722.1.2.02-0696;20539.00835.190722.1.2.02-0696
03541.04458.051022.1.3.02-9000;Decl. Compensação;05/10/2022;Retificado;761.675,36;14.141,12;198,67;20285.74452.090523.1.7.02-1048;20539.00835.190722.1.2.02-0696;20539.00835.190722.1.2.02-0696
20285.74452.090523.1.7.02-1048;Decl. Compensação;09/05/2023;Análise concluída;767.234,42;19.700,18;198,67;;20539.00835.190722.1.2.02-0696;20539.00835.190722.1.2.02-0696
14923.67205.061022.1.3.02-3020;Decl. Compensação;06/10/2022;Retificado;761.675,36;13.942,45;376,74;38969.03162.110523.1.7.02-7973;20539.00835.190722.1.2.02-0696;20539.00835.190722.1.2.02-0696
38969.03162.110523.1.7.02-7973;Decl. Compensação;11/05/2023;Análise concluída;765.070,91;17.338,00;376,74;;20539.00835.190722.1.2.02-0696;20539.00835.190722.1.2.02-0696
33697.13236.310822.1.1.19-3460;Pedido Ressarcimento;31/08/2022;Retificado;2.382,96;2.382,96;2.382,96;39954.23419.080922.1.5.19-3042;;33697.13236.310822.1.1.19-3460
39954.23419.080922.1.5.19-3042;Pedido Ressarcimento;08/09/2022;Análise concluída;6.391,33;6.391,33;6.391,33;;;33697.13236.310822.1.1.19-3460
19928.57955.310822.1.1.19-9595;Pedido Ressarcimento;31/08/2022;Cancelado;4.008,37;4.008,37;4.008,37;32905.28089.080922.1.8.19-9846;;33697.13236.310822.1.1.19-3460
32905.28089.080922.1.8.19-9846;Pedido Cancelamento;08/09/2022;Pedido de cancelamento deferido;0,00;0,00;0,00;;;33697.13236.310822.1.1.19-3460
26533.44020.310822.1.1.18-8510;Pedido Ressarcimento;31/08/2022;Retificado;518,38;518,38;518,38;12328.54224.080922.1.5.18-0309;;26533.44020.310822.1.1.18-8510
12328.54224.080922.1.5.18-0309;Pedido Ressarcimento;08/09/2022;Análise concluída;1.390,22;1.390,22;1.390,22;;;26533.44020.310822.1.1.18-8510
36739.71658.310822.1.1.18-3050;Pedido Ressarcimento;31/08/2022;Cancelado;871,84;871,84;871,84;10229.60648.080922.1.8.18-0268;;26533.44020.310822.1.1.18-8510
10229.60648.080922.1.8.18-0268;Pedido Cancelamento;08/09/2022;Pedido de cancelamento deferido;0,00;0,00;0,00;;;26533.44020.310822.1.1.18-8510
08538.50454.191022.1.2.03-0008;Pedido Restituição;19/10/2022;Retificado;109.339,71;109.339,71;109.339,71;06586.73453.100223.1.6.03-8902;;08538.50454.191022.1.2.03-0008
06586.73453.100223.1.6.03-8902;Pedido Restituição;10/02/2023;Análise concluída;104.037,85;104.037,85;104.037,85;;;08538.50454.191022.1.2.03-0008
09792.57973.111122.1.3.03-3891;Decl. Compensação;11/11/2022;Cancelado;109.339,71;109.339,71;28.924,18;39836.60626.191222.1.8.03-0627;08538.50454.191022.1.2.03-0008;08538.50454.191022.1.2.03-0008
39836.60626.191222.1.8.03-0627;Pedido Cancelamento;19/12/2022;Pedido de cancelamento deferido;0,00;0,00;0,00;;08538.50454.191022.1.2.03-0008;08538.50454.191022.1.2.03-0008
15875.55682.231122.1.3.03-4069;Decl. Compensação;23/11/2022;Análise concluída;109.339,71;80.415,53;37.058,39;;08538.50454.191022.1.2.03-0008;08538.50454.191022.1.2.03-0008
31534.61866.201222.1.3.03-0974;Decl. Compensação;20/12/2022;Retificado;109.339,71;72.281,32;72.281,32;29442.37903.100223.1.7.03-9426;08538.50454.191022.1.2.03-0008;08538.50454.191022.1.2.03-0008
29442.37903.100223.1.7.03-9426;Decl. Compensação;10/02/2023;Análise concluída;109.339,71;72.281,32;66.979,46;;08538.50454.191022.1.2.03-0008;08538.50454.191022.1.2.03-0008
38107.37891.191022.1.2.02-2509;Pedido Restituição;19/10/2022;Retificado;764.009,53;764.009,53;764.009,53;28359.24851.100223.1.6.02-0033;;38107.37891.191022.1.2.02-2509
28359.24851.100223.1.6.02-0033;Pedido Restituição;10/02/2023;Análise concluída;767.364,20;767.364,20;767.364,20;;;38107.37891.191022.1.2.02-2509
09887.65116.201022.1.3.02-4055;Decl. Compensação;20/10/2022;Análise concluída;764.009,53;764.009,53;99.965,48;;38107.37891.191022.1.2.02-2509;38107.37891.191022.1.2.02-2509
30684.74089.201022.1.3.02-6699;Decl. Compensação;20/10/2022;Análise concluída;764.009,53;664.044,05;313.149,38;;38107.37891.191022.1.2.02-2509;38107.37891.191022.1.2.02-2509
16661.08475.201022.1.3.02-0516;Decl. Compensação;20/10/2022;Análise concluída;764.009,53;350.894,67;2.240,61;;38107.37891.191022.1.2.02-2509;38107.37891.191022.1.2.02-2509
02232.43721.081122.1.3.02-9558;Decl. Compensação;08/11/2022;Análise concluída;764.009,53;348.654,06;2.599,88;;38107.37891.191022.1.2.02-2509;38107.37891.191022.1.2.02-2509
15354.83650.111122.1.3.02-0810;Decl. Compensação;11/11/2022;Retificado;764.009,53;346.054,18;346.054,18;30930.13645.171122.1.7.02-7008;38107.37891.191022.1.2.02-2509;38107.37891.191022.1.2.02-2509
30930.13645.171122.1.7.02-7008;Decl. Compensação;17/11/2022;Cancelado;764.009,53;346.054,18;223.041,34;04553.51328.191222.1.8.02-5172;38107.37891.191022.1.2.02-2509;38107.37891.191022.1.2.02-2509
04553.51328.191222.1.8.02-5172;Pedido Cancelamento;19/12/2022;Pedido de cancelamento deferido;0,00;0,00;0,00;;38107.37891.191022.1.2.02-2509;38107.37891.191022.1.2.02-2509
20714.66260.181122.1.3.02-2043;Decl. Compensação;18/11/2022;Análise concluída;764.009,53;123.012,84;123.012,84;;38107.37891.191022.1.2.02-2509;38107.37891.191022.1.2.02-2509
37830.75868.201222.1.3.02-2944;Decl. Compensação;20/12/2022;Análise concluída;764.009,53;223.041,34;223.041,34;;38107.37891.191022.1.2.02-2509;38107.37891.191022.1.2.02-2509
18726.22964.200624.1.3.02-8372;Decl. Compensação;20/06/2024;Análise concluída;767.364,20;3.354,67;3.354,67;;38107.37891.191022.1.2.02-2509;38107.37891.191022.1.2.02-2509
04523.52411.241022.1.1.18-4001;Pedido Ressarcimento;24/10/2022;Retificado;11.849,97;11.849,97;11.849,97;27430.56540.281222.1.5.18-5472;;04523.52411.241022.1.1.18-4001
27430.56540.281222.1.5.18-5472;Pedido Ressarcimento;28/12/2022;Em análise;1.555,53;1.555,53;1.555,53;;;04523.52411.241022.1.1.18-4001
06206.84547.241022.1.1.19-2707;Pedido Ressarcimento;24/10/2022;Retificado;54.489,59;54.489,59;54.489,59;07740.14532.281222.1.5.19-9557;;06206.84547.241022.1.1.19-2707
07740.14532.281222.1.5.19-9557;Pedido Ressarcimento;28/12/2022;Em análise;7.152,00;7.152,00;7.152,00;;;06206.84547.241022.1.1.19-2707
20371.00042.231020.1.3.03-0663;Decl. Compensação;23/10/2020;Retificado;55.357,51;55.357,51;55.357,51;09971.65884.231122.1.7.03-0687;;20371.00042.231020.1.3.03-0663
09971.65884.231122.1.7.03-0687;Decl. Compensação;23/11/2022;Análise concluída;121.523,95;121.523,95;55.357,51;;;20371.00042.231020.1.3.03-0663
29018.94632.251122.1.3.03-0204;Decl. Compensação;25/11/2022;Análise concluída;121.523,95;66.166,44;3.055,17;;20371.00042.231020.1.3.03-0663;20371.00042.231020.1.3.03-0663
33402.37259.251122.1.2.03-7035;Pedido Restituição;25/11/2022;Análise concluída;121.523,95;63.527,29;63.527,29;;20371.00042.231020.1.3.03-0663;20371.00042.231020.1.3.03-0663
15553.54945.250719.1.3.02-5275;Decl. Compensação;25/07/2019;Retificado;968.392,87;968.392,87;395.787,70;12883.13294.231122.1.7.02-4016;;15553.54945.250719.1.3.02-5275
12883.13294.231122.1.7.02-4016;Decl. Compensação;23/11/2022;Em análise;1.147.777,45;1.147.777,45;395.787,70;;;15553.54945.250719.1.3.02-5275
25430.04446.230819.1.3.02-8528;Decl. Compensação;23/08/2019;Retificado;968.392,87;572.605,17;572.605,17;26888.34771.231122.1.7.02-0015;15553.54945.250719.1.3.02-5275;15553.54945.250719.1.3.02-5275
26888.34771.231122.1.7.02-0015;Decl. Compensação;23/11/2022;Em análise;1.147.777,45;751.989,75;572.605,17;;15553.54945.250719.1.3.02-5275;15553.54945.250719.1.3.02-5275
12739.72509.251122.1.3.02-7691;Decl. Compensação;25/11/2022;Em análise;1.147.777,45;179.384,58;179.317,61;;15553.54945.250719.1.3.02-5275;15553.54945.250719.1.3.02-5275
14464.88341.251122.1.2.02-6724;Pedido Restituição;25/11/2022;Em análise;1.147.777,45;66,97;66,97;;25430.04446.230819.1.3.02-8528;15553.54945.250719.1.3.02-5275
02465.64322.281122.1.3.03-9211;Decl. Compensação;28/11/2022;Retificado;81.708,93;81.708,93;6.729,89;04414.76896.070223.1.7.03-9923;;02465.64322.281122.1.3.03-9211
04414.76896.070223.1.7.03-9923;Decl. Compensação;07/02/2023;Análise concluída;81.708,93;81.708,93;6.729,89;;;02465.64322.281122.1.3.03-9211
08403.07753.291122.1.2.03-9040;Pedido Restituição;29/11/2022;Análise concluída;81.708,93;74.979,04;74.979,04;;02465.64322.281122.1.3.03-9211;02465.64322.281122.1.3.03-9211
03155.58217.250123.1.2.03-3352;Pedido Restituição;25/01/2023;Análise concluída;157.068,55;157.068,55;157.068,55;;;03155.58217.250123.1.2.03-3352
07868.87065.250123.1.3.03-8371;Decl. Compensação;25/01/2023;Análise concluída;157.068,55;157.068,55;116.814,24;;03155.58217.250123.1.2.03-3352;03155.58217.250123.1.2.03-3352
12041.21843.100223.1.3.03-9006;Decl. Compensação;10/02/2023;Análise concluída;157.068,55;40.254,32;6.381,03;;03155.58217.250123.1.2.03-3352;03155.58217.250123.1.2.03-3352
23415.13394.160523.1.3.03-7378;Decl. Compensação;16/05/2023;Análise concluída;157.068,55;33.873,29;29.239,11;;03155.58217.250123.1.2.03-3352;03155.58217.250123.1.2.03-3352
00209.13596.200623.1.3.03-5094;Decl. Compensação;20/06/2023;Análise concluída;157.068,55;4.634,18;4.634,18;;03155.58217.250123.1.2.03-3352;03155.58217.250123.1.2.03-3352
30692.03765.250123.1.2.02-1860;Pedido Restituição;25/01/2023;Em análise;966.919,68;966.919,68;966.919,68;;;30692.03765.250123.1.2.02-1860
06704.14188.230223.1.3.02-4497;Decl. Compensação;23/02/2023;Em análise;966.919,68;966.919,68;70.026,42;;30692.03765.250123.1.2.02-1860;30692.03765.250123.1.2.02-1860
40689.94056.270223.1.3.02-4627;Decl. Compensação;27/02/2023;Retificado;966.919,68;896.893,26;8.711,38;11935.63113.120623.1.7.02-1707;30692.03765.250123.1.2.02-1860;30692.03765.250123.1.2.02-1860
11935.63113.120623.1.7.02-1707;Decl. Compensação;12/06/2023;Em análise;966.919,68;896.893,26;8.684,21;;30692.03765.250123.1.2.02-1860;30692.03765.250123.1.2.02-1860
12401.64415.160323.1.3.02-9878;Decl. Compensação;16/03/2023;Retificado;966.919,68;888.181,88;227.901,95;09979.21514.210323.1.7.02-0499;30692.03765.250123.1.2.02-1860;30692.03765.250123.1.2.02-1860
09979.21514.210323.1.7.02-0499;Decl. Compensação;21/03/2023;Retificado;966.919,68;888.181,88;227.822,01;34318.49007.240323.1.7.02-8197;30692.03765.250123.1.2.02-1860;30692.03765.250123.1.2.02-1860
34318.49007.240323.1.7.02-8197;Decl. Compensação;24/03/2023;Em análise;966.919,68;888.181,88;227.941,72;;30692.03765.250123.1.2.02-1860;30692.03765.250123.1.2.02-1860
31566.87038.160323.1.3.02-0608;Decl. Compensação;16/03/2023;Retificado;966.919,68;660.279,93;44.541,24;29471.10161.210323.1.7.02-2060;30692.03765.250123.1.2.02-1860;30692.03765.250123.1.2.02-1860
29471.10161.210323.1.7.02-2060;Decl. Compensação;21/03/2023;Retificado;966.919,68;660.359,87;44.541,24;15441.82777.240323.1.7.02-1999;30692.03765.250123.1.2.02-1860;30692.03765.250123.1.2.02-1860
15441.82777.240323.1.7.02-1999;Decl. Compensação;24/03/2023;Em análise;966.919,68;660.240,16;44.541,24;;30692.03765.250123.1.2.02-1860;30692.03765.250123.1.2.02-1860
11077.99355.140423.1.3.02-8238;Decl. Compensação;14/04/2023;Retificado;966.919,68;615.698,92;912,39;15102.62614.120623.1.7.02-5017;30692.03765.250123.1.2.02-1860;30692.03765.250123.1.2.02-1860
15102.62614.120623.1.7.02-5017;Decl. Compensação;12/06/2023;Em análise;966.919,68;615.698,92;902,52;;30692.03765.250123.1.2.02-1860;30692.03765.250123.1.2.02-1860
42885.16936.180423.1.3.02-7761;Decl. Compensação;18/04/2023;Em análise;966.919,68;614.786,54;2.004,76;;30692.03765.250123.1.2.02-1860;30692.03765.250123.1.2.02-1860
21483.87889.180423.1.3.02-1803;Decl. Compensação;18/04/2023;Em análise;966.919,68;612.781,78;124.478,07;;30692.03765.250123.1.2.02-1860;30692.03765.250123.1.2.02-1860
03759.02590.190423.1.3.02-3413;Decl. Compensação;19/04/2023;Cancelado;966.919,68;488.303,71;6.215,54;35360.38033.190423.1.8.02-0295;30692.03765.250123.1.2.02-1860;30692.03765.250123.1.2.02-1860
35360.38033.190423.1.8.02-0295;Pedido Cancelamento;19/04/2023;Pedido de cancelamento deferido;0,00;0,00;0,00;;30692.03765.250123.1.2.02-1860;30692.03765.250123.1.2.02-1860
41307.45849.250423.1.3.02-9507;Decl. Compensação;25/04/2023;Retificado;966.919,68;482.088,17;317.278,65;05858.40285.260423.1.7.02-0920;30692.03765.250123.1.2.02-1860;30692.03765.250123.1.2.02-1860
05858.40285.260423.1.7.02-0920;Decl. Compensação;26/04/2023;Retificado;966.919,68;488.303,71;317.278,65;32324.20430.050623.1.7.02-1217;30692.03765.250123.1.2.02-1860;30692.03765.250123.1.2.02-1860
32324.20430.050623.1.7.02-1217;Decl. Compensação;05/06/2023;Em análise;966.919,68;488.303,71;317.275,41;;30692.03765.250123.1.2.02-1860;30692.03765.250123.1.2.02-1860
07564.00319.160523.1.3.02-9951;Decl. Compensação;16/05/2023;Retificado;966.919,68;171.025,06;152.711,33;22860.20232.090623.1.7.02-3335;30692.03765.250123.1.2.02-1860;30692.03765.250123.1.2.02-1860
22860.20232.090623.1.7.02-3335;Decl. Compensação;09/06/2023;Retificado;966.919,68;171.028,31;152.711,33;09460.46595.120623.1.7.02-8005;30692.03765.250123.1.2.02-1860;30692.03765.250123.1.2.02-1860
09460.46595.120623.1.7.02-8005;Decl. Compensação;12/06/2023;Em análise;966.919,68;171.065,35;152.711,33;;30692.03765.250123.1.2.02-1860;30692.03765.250123.1.2.02-1860
01295.96790.050623.1.3.02-0259;Decl. Compensação;05/06/2023;Retificado;966.919,68;18.316,98;3.957,75;34450.81450.050623.1.7.02-0008;30692.03765.250123.1.2.02-1860;30692.03765.250123.1.2.02-1860
34450.81450.050623.1.7.02-0008;Decl. Compensação;05/06/2023;Cancelado;966.919,68;18.316,98;3.926,53;16465.84908.090623.1.8.02-0532;30692.03765.250123.1.2.02-1860;30692.03765.250123.1.2.02-1860
16465.84908.090623.1.8.02-0532;Pedido Cancelamento;09/06/2023;Pedido de cancelamento deferido;0,00;0,00;0,00;;30692.03765.250123.1.2.02-1860;30692.03765.250123.1.2.02-1860
30864.65491.200623.1.3.02-2722;Decl. Compensação;20/06/2023;Em análise;966.919,68;18.354,02;8.188,31;;30692.03765.250123.1.2.02-1860;30692.03765.250123.1.2.02-1860
30060.34316.200623.1.3.02-0960;Decl. Compensação;20/06/2023;Em análise;966.919,68;10.165,71;10.165,71;;30692.03765.250123.1.2.02-1860;30692.03765.250123.1.2.02-1860
00244.97423.090523.1.2.03-4134;Pedido Restituição;09/05/2023;Análise concluída;86.582,93;86.582,93;86.582,93;;;00244.97423.090523.1.2.03-4134
10394.91272.200623.1.3.03-0948;Decl. Compensação;20/06/2023;Análise concluída;86.582,93;86.582,93;86.582,93;;00244.97423.090523.1.2.03-4134;00244.97423.090523.1.2.03-4134
23101.23751.090523.1.2.02-0706;Pedido Restituição;09/05/2023;Análise concluída;474.232,31;474.232,31;474.232,31;;;23101.23751.090523.1.2.02-0706
25114.18091.160523.1.3.02-8303;Decl. Compensação;16/05/2023;Análise concluída;474.232,31;474.232,31;111.399,78;;23101.23751.090523.1.2.02-0706;23101.23751.090523.1.2.02-0706
32977.21670.190623.1.3.02-4400;Decl. Compensação;19/06/2023;Cancelado;474.232,31;362.832,53;193.875,55;18550.71645.200623.1.8.02-2958;23101.23751.090523.1.2.02-0706;23101.23751.090523.1.2.02-0706
18550.71645.200623.1.8.02-2958;Pedido Cancelamento;20/06/2023;Pedido de cancelamento deferido;0,00;0,00;0,00;;23101.23751.090523.1.2.02-0706;23101.23751.090523.1.2.02-0706
23933.40635.200623.1.3.02-5965;Decl. Compensação;20/06/2023;Retificado;474.232,31;65.030,39;65.030,39;11839.51887.210623.1.7.02-7856;23101.23751.090523.1.2.02-0706;23101.23751.090523.1.2.02-0706
11839.51887.210623.1.7.02-7856;Decl. Compensação;21/06/2023;Análise concluída;474.232,31;362.832,53;65.030,39;;23101.23751.090523.1.2.02-0706;23101.23751.090523.1.2.02-0706
19949.78979.210623.1.3.02-0145;Decl. Compensação;21/06/2023;Análise concluída;474.232,31;297.802,14;297.802,14;;23101.23751.090523.1.2.02-0706;23101.23751.090523.1.2.02-0706
18564.55331.200723.1.2.03-3960;Pedido Restituição;20/07/2023;Análise concluída;147.137,57;147.137,57;147.137,57;;;18564.55331.200723.1.2.03-3960
11326.28337.190923.1.3.03-0166;Decl. Compensação;19/09/2023;Análise concluída;147.137,57;147.137,57;118.819,78;;18564.55331.200723.1.2.03-3960;18564.55331.200723.1.2.03-3960
32030.46852.190224.1.3.03-2078;Decl. Compensação;19/02/2024;Análise concluída;147.137,57;28.317,79;28.317,79;;18564.55331.200723.1.2.03-3960;18564.55331.200723.1.2.03-3960
15651.80120.200723.1.2.02-5576;Pedido Restituição;20/07/2023;Retificado;761.379,18;761.379,18;761.379,18;04571.91370.171024.1.6.02-2311;;15651.80120.200723.1.2.02-5576
04571.91370.171024.1.6.02-2311;Pedido Restituição;17/10/2024;Em análise;763.275,13;763.275,13;763.275,13;;;15651.80120.200723.1.2.02-5576
03373.19333.200723.1.3.02-0209;Decl. Compensação;20/07/2023;Em análise;761.379,18;761.379,18;100.710,66;;15651.80120.200723.1.2.02-5576;15651.80120.200723.1.2.02-5576
14483.07918.200723.1.3.02-0043;Decl. Compensação;20/07/2023;Em análise;761.379,18;660.668,52;67.124,67;;15651.80120.200723.1.2.02-5576;15651.80120.200723.1.2.02-5576
38125.54532.170823.1.3.02-9747;Decl. Compensação;17/08/2023;Em análise;761.379,18;593.543,85;131.220,11;;15651.80120.200723.1.2.02-5576;15651.80120.200723.1.2.02-5576
29658.99997.170823.1.3.02-3774;Decl. Compensação;17/08/2023;Em análise;761.379,18;462.323,74;243.184,18;;15651.80120.200723.1.2.02-5576;15651.80120.200723.1.2.02-5576
39354.99807.190923.1.3.02-9409;Decl. Compensação;19/09/2023;Em análise;761.379,18;219.139,56;143.120,25;;15651.80120.200723.1.2.02-5576;15651.80120.200723.1.2.02-5576
08710.15982.061023.1.3.02-6020;Decl. Compensação;06/10/2023;Em análise;761.379,18;76.019,31;81,65;;15651.80120.200723.1.2.02-5576;15651.80120.200723.1.2.02-5576
13176.03810.201023.1.3.02-0297;Decl. Compensação;20/10/2023;Em análise;761.379,18;75.937,66;73.498,04;;15651.80120.200723.1.2.02-5576;15651.80120.200723.1.2.02-5576
05925.59439.100124.1.3.02-5738;Decl. Compensação;10/01/2024;Em análise;761.379,18;2.439,62;31,14;;15651.80120.200723.1.2.02-5576;15651.80120.200723.1.2.02-5576
18085.12456.190224.1.3.02-0698;Decl. Compensação;19/02/2024;Em análise;761.379,18;2.408,48;2.408,48;;15651.80120.200723.1.2.02-5576;15651.80120.200723.1.2.02-5576
38512.89084.140823.1.2.15-4108;Pedido Restituição;14/08/2023;Em análise;39.308,20;39.308,20;39.308,20;;;38512.89084.140823.1.2.15-4108
00867.61752.190224.1.3.15-8580;Decl. Compensação;19/02/2024;Em análise;39.308,20;39.308,20;39.308,20;;38512.89084.140823.1.2.15-4108;38512.89084.140823.1.2.15-4108
14715.13903.201023.1.2.03-8566;Pedido Restituição;20/10/2023;Análise concluída;133.667,56;133.667,56;133.667,56;;;14715.13903.201023.1.2.03-8566
13134.31587.181223.1.3.03-4348;Decl. Compensação;18/12/2023;Análise concluída;133.667,56;133.667,56;133.611,99;;14715.13903.201023.1.2.03-8566;14715.13903.201023.1.2.03-8566
21631.93668.181223.1.3.03-1437;Decl. Compensação;18/12/2023;Análise concluída;133.667,56;55,57;55,57;;14715.13903.201023.1.2.03-8566;14715.13903.201023.1.2.03-8566
19317.90156.201023.1.2.02-9873;Pedido Restituição;20/10/2023;Retificado;598.444,07;598.444,07;598.444,07;41076.58606.251023.1.6.02-3048;;19317.90156.201023.1.2.02-9873
41076.58606.251023.1.6.02-3048;Pedido Restituição;25/10/2023;Análise concluída;611.620,44;611.620,44;611.620,44;;;19317.90156.201023.1.2.02-9873
42618.03460.201023.1.3.02-5063;Decl. Compensação;20/10/2023;Retificado;598.444,07;598.444,07;55.202,35;26620.44711.061123.1.7.02-1507;19317.90156.201023.1.2.02-9873;19317.90156.201023.1.2.02-9873
26620.44711.061123.1.7.02-1507;Decl. Compensação;06/11/2023;Análise concluída;611.620,44;611.620,44;55.202,35;;19317.90156.201023.1.2.02-9873;19317.90156.201023.1.2.02-9873
19601.38617.201023.1.3.02-7150;Decl. Compensação;20/10/2023;Retificado;598.444,07;543.241,72;104.926,61;41157.02019.061123.1.7.02-1155;19317.90156.201023.1.2.02-9873;19317.90156.201023.1.2.02-9873
41157.02019.061123.1.7.02-1155;Decl. Compensação;06/11/2023;Análise concluída;611.620,44;556.418,09;104.926,61;;19317.90156.201023.1.2.02-9873;19317.90156.201023.1.2.02-9873
06769.47629.171123.1.3.02-5896;Decl. Compensação;17/11/2023;Análise concluída;611.620,44;451.491,48;209.049,45;;19317.90156.201023.1.2.02-9873;19317.90156.201023.1.2.02-9873
42930.06994.171123.1.3.02-0577;Decl. Compensação;17/11/2023;Análise concluída;611.620,44;242.442,03;118.216,14;;19317.90156.201023.1.2.02-9873;19317.90156.201023.1.2.02-9873
18598.57825.181223.1.3.02-4261;Decl. Compensação;18/12/2023;Retificado;611.620,44;124.255,89;105.383,23;14303.54393.100124.1.7.02-1150;19317.90156.201023.1.2.02-9873;19317.90156.201023.1.2.02-9873
14303.54393.100124.1.7.02-1150;Decl. Compensação;10/01/2024;Análise concluída;611.620,44;124.225,89;105.383,23;;19317.90156.201023.1.2.02-9873;19317.90156.201023.1.2.02-9873
19548.35027.181223.1.3.02-4502;Decl. Compensação;18/12/2023;Retificado;611.620,44;18.872,66;18.872,66;03451.20239.100124.1.7.02-8890;19317.90156.201023.1.2.02-9873;19317.90156.201023.1.2.02-9873
03451.20239.100124.1.7.02-8890;Decl. Compensação;10/01/2024;Análise concluída;611.620,44;18.842,66;18.842,66;;19317.90156.201023.1.2.02-9873;19317.90156.201023.1.2.02-9873
03920.45414.170124.1.2.02-9042;Pedido Restituição;17/01/2024;Retificado;1.170.474,59;1.170.474,59;1.170.474,59;22712.22743.180124.1.6.02-3169;;03920.45414.170124.1.2.02-9042
22712.22743.180124.1.6.02-3169;Pedido Restituição;18/01/2024;Retificado;983.633,26;983.633,26;983.633,26;01952.38403.290124.1.6.02-4248;;03920.45414.170124.1.2.02-9042
01952.38403.290124.1.6.02-4248;Pedido Restituição;29/01/2024;Retificado;1.028.719,03;1.028.719,03;1.028.719,03;06946.00325.020224.1.6.02-4274;;03920.45414.170124.1.2.02-9042
06946.00325.020224.1.6.02-4274;Pedido Restituição;02/02/2024;Retificado;1.028.719,03;1.028.719,03;1.028.719,03;40228.50461.171024.1.6.02-9060;;03920.45414.170124.1.2.02-9042
40228.50461.171024.1.6.02-9060;Pedido Restituição;17/10/2024;Retificado;1.175.514,21;1.175.514,21;1.175.514,21;39676.17831.181024.1.6.02-2835;;03920.45414.170124.1.2.02-9042
39676.17831.181024.1.6.02-2835;Pedido Restituição;18/10/2024;Em análise;1.152.724,28;1.152.724,28;1.152.724,28;;;03920.45414.170124.1.2.02-9042
33379.34066.180124.1.3.02-3110;Decl. Compensação;18/01/2024;Retificado;1.170.474,59;1.170.474,59;547.708,05;06935.48702.050224.1.7.02-6297;03920.45414.170124.1.2.02-9042;03920.45414.170124.1.2.02-9042
06935.48702.050224.1.7.02-6297;Decl. Compensação;05/02/2024;Em análise;1.028.719,03;1.028.719,03;547.708,05;;03920.45414.170124.1.2.02-9042;03920.45414.170124.1.2.02-9042
16234.85654.160224.1.3.02-5251;Decl. Compensação;16/02/2024;Em análise;1.028.719,03;481.010,98;295.191,53;;03920.45414.170124.1.2.02-9042;03920.45414.170124.1.2.02-9042
33965.61947.180324.1.3.02-5530;Decl. Compensação;18/03/2024;Em análise;1.028.719,03;185.819,45;185.819,45;;03920.45414.170124.1.2.02-9042;03920.45414.170124.1.2.02-9042
14853.40697.180124.1.2.03-0715;Pedido Restituição;18/01/2024;Retificado;96.203,93;96.203,93;96.203,93;28876.47413.290124.1.6.03-0510;;14853.40697.180124.1.2.03-0715
28876.47413.290124.1.6.03-0510;Pedido Restituição;29/01/2024;Retificado;117.287,11;117.287,11;117.287,11;05748.61655.020224.1.6.03-3848;;14853.40697.180124.1.2.03-0715
05748.61655.020224.1.6.03-3848;Pedido Restituição;02/02/2024;Retificado;117.287,11;117.287,11;117.287,11;13933.72753.280224.1.6.03-7206;;14853.40697.180124.1.2.03-0715
13933.72753.280224.1.6.03-7206;Pedido Restituição;28/02/2024;Retificado;117.287,11;117.287,11;117.287,11;19457.14307.171024.1.6.03-1392;;14853.40697.180124.1.2.03-0715
19457.14307.171024.1.6.03-1392;Pedido Restituição;17/10/2024;Retificado;173.645,99;173.645,99;173.645,99;33197.41052.181024.1.6.03-6291;;14853.40697.180124.1.2.03-0715
33197.41052.181024.1.6.03-6291;Pedido Restituição;18/10/2024;Análise concluída;163.026,75;163.026,75;163.026,75;;;14853.40697.180124.1.2.03-0715
32472.13362.180324.1.3.03-3912;Decl. Compensação;18/03/2024;Em análise;117.287,11;117.287,11;117.287,11;;14853.40697.180124.1.2.03-0715;14853.40697.180124.1.2.03-0715
12383.48187.251124.1.3.03-7700;Decl. Compensação;25/11/2024;Em análise;163.026,75;45.739,64;19.587,51;;14853.40697.180124.1.2.03-0715;14853.40697.180124.1.2.03-0715
24213.30578.251124.1.3.03-8881;Decl. Compensação;25/11/2024;Em análise;163.026,75;26.152,13;8.981,82;;14853.40697.180124.1.2.03-0715;14853.40697.180124.1.2.03-0715
23746.49639.110324.1.2.04-7900;Pedido Restituição;11/03/2024;PER deferido;64,48;64,48;64,48;;;23746.49639.110324.1.2.04-7900
38481.52752.110324.1.2.04-2967;Pedido Restituição;11/03/2024;PER deferido;199,90;199,90;199,90;;;38481.52752.110324.1.2.04-2967
35983.69222.170424.1.2.03-3048;Pedido Restituição;17/04/2024;Em análise;106.173,62;106.173,62;106.173,62;;;35983.69222.170424.1.2.03-3048
20647.72821.200524.1.3.03-0042;Decl. Compensação;20/05/2024;Em análise;106.173,62;106.173,62;106.173,62;;35983.69222.170424.1.2.03-3048;35983.69222.170424.1.2.03-3048
33314.74811.190424.1.2.02-0235;Pedido Restituição;19/04/2024;Retificado;907.744,03;907.744,03;907.744,03;24324.56182.130624.1.6.02-0094;;33314.74811.190424.1.2.02-0235
24324.56182.130624.1.6.02-0094;Pedido Restituição;13/06/2024;Em análise;908.369,28;908.369,28;908.369,28;;;33314.74811.190424.1.2.02-0235
13166.45016.190424.1.3.02-5554;Decl. Compensação;19/04/2024;Em análise;907.744,03;907.744,03;243.947,60;;33314.74811.190424.1.2.02-0235;33314.74811.190424.1.2.02-0235
07217.77353.130524.1.3.02-0947;Decl. Compensação;13/05/2024;Em análise;907.744,03;663.796,43;42.556,09;;33314.74811.190424.1.2.02-0235;33314.74811.190424.1.2.02-0235
42631.55093.200524.1.3.02-0064;Decl. Compensação;20/05/2024;Retificado;907.744,03;621.240,34;621.240,33;36506.17518.190624.1.7.02-0090;33314.74811.190424.1.2.02-0235;33314.74811.190424.1.2.02-0235
36506.17518.190624.1.7.02-0090;Decl. Compensação;19/06/2024;Em análise;908.369,28;621.865,59;621.240,33;;33314.74811.190424.1.2.02-0235;33314.74811.190424.1.2.02-0235
01661.47273.180724.1.2.03-5850;Pedido Restituição;18/07/2024;Em análise;109.760,82;109.760,82;109.760,82;;;01661.47273.180724.1.2.03-5850
13286.50885.240724.1.3.03-3205;Decl. Compensação;24/07/2024;Em análise;109.760,82;109.760,82;109.760,82;;01661.47273.180724.1.2.03-5850;01661.47273.180724.1.2.03-5850
30152.93555.180724.1.2.02-2302;Pedido Restituição;18/07/2024;Retificado;947.395,95;947.395,95;947.395,95;36948.91392.190824.1.6.02-6314;;30152.93555.180724.1.2.02-2302
36948.91392.190824.1.6.02-6314;Pedido Restituição;19/08/2024;Em análise;953.975,31;953.975,31;953.975,31;;;30152.93555.180724.1.2.02-2302
06529.63915.190724.1.3.02-7049;Decl. Compensação;19/07/2024;Em análise;947.395,95;947.395,95;670.451,34;;30152.93555.180724.1.2.02-2302;30152.93555.180724.1.2.02-2302
33288.89618.190724.1.3.02-9890;Decl. Compensação;19/07/2024;Em análise;947.395,95;276.944,61;163.068,16;;30152.93555.180724.1.2.02-2302;30152.93555.180724.1.2.02-2302
25167.42134.240724.1.3.02-0871;Decl. Compensação;24/07/2024;Em análise;947.395,95;113.876,46;113.876,46;;30152.93555.180724.1.2.02-2302;30152.93555.180724.1.2.02-2302
29093.94680.161024.1.2.02-4397;Pedido Restituição;16/10/2024;Em análise;1.200.021,42;1.200.021,42;1.200.021,42;;;29093.94680.161024.1.2.02-4397
35707.75405.181024.1.3.02-8772;Decl. Compensação;18/10/2024;Em análise;1.200.021,42;1.200.021,42;232.085,96;;29093.94680.161024.1.2.02-4397;29093.94680.161024.1.2.02-4397
31034.52886.181024.1.3.02-6090;Decl. Compensação;18/10/2024;Em análise;1.200.021,42;967.935,46;754.778,26;;29093.94680.161024.1.2.02-4397;29093.94680.161024.1.2.02-4397
27487.26070.211024.1.3.02-0212;Decl. Compensação;21/10/2024;Em análise;1.200.021,42;213.157,20;11.495,91;;29093.94680.161024.1.2.02-4397;29093.94680.161024.1.2.02-4397
11983.91533.241024.1.3.02-0962;Decl. Compensação;24/10/2024;Em análise;1.200.021,42;201.546,33;31.715,82;;29093.94680.161024.1.2.02-4397;29093.94680.161024.1.2.02-4397
13847.73841.241024.1.3.02-0937;Decl. Compensação;24/10/2024;Em análise;1.200.021,42;169.830,51;49.335,01;;29093.94680.161024.1.2.02-4397;29093.94680.161024.1.2.02-4397
30170.70014.191124.1.3.02-6313;Decl. Compensação;19/11/2024;Em análise;1.200.021,42;120.495,50;62.065,51;;29093.94680.161024.1.2.02-4397;29093.94680.161024.1.2.02-4397
36687.23231.161024.1.2.03-9095;Pedido Restituição;16/10/2024;Em análise;147.207,82;147.207,82;147.207,82;;;36687.23231.161024.1.2.03-9095
37608.27778.241024.1.3.03-9801;Decl. Compensação;24/10/2024;Em análise;147.207,82;147.207,82;97.045,69;;36687.23231.161024.1.2.03-9095;36687.23231.161024.1.2.03-9095
03185.91980.221124.1.2.04-0916;Pedido Restituição;22/11/2024;Em análise;2.384,02;2.384,02;2.384,02;;;03185.91980.221124.1.2.04-0916
04748.80306.221124.1.2.04-1604;Pedido Restituição;22/11/2024;Em análise;20.064,85;20.064,85;20.064,85;;;04748.80306.221124.1.2.04-1604
08065.74835.221124.1.2.04-9250;Pedido Restituição;22/11/2024;Em análise;26.227,75;26.227,75;26.227,75;;;08065.74835.221124.1.2.04-9250
14321.37813.221124.1.2.04-0404;Pedido Restituição;22/11/2024;Em análise;1.839,89;1.839,89;1.839,89;;;14321.37813.221124.1.2.04-0404
24411.62495.221124.1.2.04-2584;Pedido Restituição;22/11/2024;Em análise;132.964,36;132.964,36;132.964,36;;;24411.62495.221124.1.2.04-2584
28630.95151.221124.1.2.04-0909;Pedido Restituição;22/11/2024;Em análise;11.000,14;11.000,14;11.000,14;;;28630.95151.221124.1.2.04-0909
31364.01543.221124.1.2.04-9948;Pedido Restituição;22/11/2024;Em análise;33.430,72;33.430,72;33.430,72;;;31364.01543.221124.1.2.04-9948
31584.68599.221124.1.2.04-9871;Pedido Restituição;22/11/2024;Em análise;154.426,18;154.426,18;154.426,18;;;31584.68599.221124.1.2.04-9871
14690.16544.251124.1.3.04-8285;Decl. Compensação;25/11/2024;Em análise;154.426,18;154.426,18;86.880,82;;31584.68599.221124.1.2.04-9871;31584.68599.221124.1.2.04-9871
38179.31182.221124.1.2.04-2906;Pedido Restituição;22/11/2024;Em análise;88.369,06;88.369,06;88.369,06;;;38179.31182.221124.1.2.04-2906
38540.04818.221124.1.2.04-4863;Pedido Restituição;22/11/2024;Em análise;42.451,13;42.451,13;42.451,13;;;38540.04818.221124.1.2.04-4863
42070.07521.221124.1.2.04-9980;Pedido Restituição;22/11/2024;Em análise;18.952,98;18.952,98;18.952,98;;;42070.07521.221124.1.2.04-9980
42638.44393.221124.1.2.04-4000;Pedido Restituição;22/11/2024;Em análise;28.896,64;28.896,64;28.896,64;;;42638.44393.221124.1.2.04-4000
06447.64514.251124.1.2.04-5058;Pedido Restituição;25/11/2024;Em análise;1.496,97;1.496,97;1.496,97;;;06447.64514.251124.1.2.04-5058
12745.82447.251124.1.2.04-6806;Pedido Restituição;25/11/2024;Em análise;1.871,83;1.871,83;1.871,83;;;12745.82447.251124.1.2.04-6806
21514.68228.251124.1.2.04-4087;Pedido Restituição;25/11/2024;Em análise;4.914,15;4.914,15;4.914,15;;;21514.68228.251124.1.2.04-4087
25625.43430.251124.1.2.04-3210;Pedido Restituição;25/11/2024;Em análise;5.524,30;5.524,30;5.524,30;;;25625.43430.251124.1.2.04-3210
28192.66550.251124.1.2.04-3737;Pedido Restituição;25/11/2024;Em análise;4.369,33;4.369,33;4.369,33;;;28192.66550.251124.1.2.04-3737
32480.69972.251124.1.2.04-0500;Pedido Restituição;25/11/2024;Em análise;4.344,25;4.344,25;4.344,25;;;32480.69972.251124.1.2.04-0500
